id,first_name,last_name
1,Gregory,House
2,Amber,Volakis
3,Berne,Alldre
4,Andy,Mains
5,Kimberly,McLachlan
6,Marwin,Vasnetsov
7,Libbie,Clausen
8,Sabina,Barrott
9,Adriane,Megainey
10,Rhodia,Kirsch
11,Cosette,Haet
12,Jimmie,Devil
13,Agnola,Staveley
14,Stephine,Darrow
15,Yvonne,Stopher
16,Morris,Benjefield
17,Helen-elizabeth,Juggins
18,Randi,McLukie
19,Palmer,Howie
20,Carleen,Nagle
21,Breena,McCaster
22,Ailis,Sparshett
23,Gretna,Shepcutt
24,Teresina,Gregoraci
25,Nickie,Johanchon
26,Cart,Agge
27,Marilyn,Riepel
28,Yvor,Dunbar
29,Jade,Jeannard
30,Britt,Matisoff
31,Mufinella,Kimbley
32,Prentiss,Gatlin
33,Annie,Crosio
34,Babbette,Hauch
35,Jarrad,Fridlington
36,Isadora,Jaray
37,Bobette,Trewett
38,Graham,Oventon
39,Willi,Kinnar
40,Jaimie,Manifold
41,Edsel,Hatherley
42,Gifford,Sparry
43,Aggie,McGroarty
44,Cletus,Dedenham
45,Zara,Ivashev
46,Fraser,Magor
47,King,Roback
48,Clifford,Shitliff
49,Phoebe,Medlin
50,Florie,Mabbs
51,Saloma,Arnull
52,Robyn,Lambillion
53,Cazzie,Karslake
54,Nicol,Bedle
55,Hanson,Hilldrop
56,Deane,Worsfield
57,Rees,Ivey
58,Reginald,Capoun
59,Dukie,Isaksson
60,Claiborne,Mordue
61,Kristoffer,Coulling
62,Gabi,Devennie
63,Nonie,Vido
64,Lolly,Delmonti
65,Mannie,Jerrome
66,Isabeau,Matitiaho
67,Constancia,Lettice
68,Shoshanna,Bowcock
69,Linda,Godlonton
70,Gusella,McNirlan
71,Peter,Jecock
72,Innis,Hurford
73,Laraine,Congreave
74,Baron,Goulbourne
75,Jennee,Troucher
76,Burlie,Keary
77,Norma,Dragge
78,Rube,Mynard
79,Kellen,Backen
80,Karly,Konrad
81,Burl,Novotne
82,Kendall,Eamer
83,Antonio,Dredge
84,Torin,Gresty
85,Xavier,De la Yglesia
86,Irita,Treleaven
87,Eldredge,Emburey
88,Rick,Woolward
89,Giuditta,Copnar
90,Bart,Quincee
91,Stearn,Baukham
92,Yehudi,Fredy
93,Leonanie,Whysall
94,Genvieve,Olivelli
95,Steffie,Rue
96,Paulie,Sinclaire
97,Dur,Weinberg
98,Dennie,Budibent
99,Sean,Mordy
100,Brittan,Bloxsome
101,Goldia,Maasze
102,Sunny,Sayles
