id,name
1,Chlorpheniramine
2,Promethazine
3,Co-trimoxazole
4,Rifampicin
755,Hemofil M
756,Laryng-O-Jet
757,CIPROFLOXACIN
758,Good Neighbor Pharmacy Pain Relief
759,HYDRALAZINE HYDROCHLORIDE
760,DOUBLE PERFECTION LUMIERE
761,Propranolol Hydrochloride
762,ATACAND
763,Isradipine
764,CELLBOOSTING HOMME WHITENING FLUID
765,Pleo Not
766,INSOMNIA
767,Squash Zucchini
768,PRAMIPEXOLE DIHYDROCHLORIDE
769,IBANDRONATE SODIUM
770,Levothyroxine Sodium
771,PredniSONE
772,Senna- S
773,Sulfasalazine
774,Oat Smut
775,Omeprazole
776,DG Health Ibuprofen
777,DulcoGas
778,CLARINS BROAD SPECTRUM SPF 50 SUNSCREEN CARE MILK FOR CHILDREN
779,Acetaminophen PM
780,simvastatin
781,Tamiflu
782,dg health cold and flu relief
783,Levetiracetam
784,Norethindrone Acetate
785,Lyrica
786,Complete Flu Care 4 Kids
787,donepezil hydrochloride
788,Otis Clapp Ultraprin
789,ZOCOR
790,EXCHANGE SELECT NICOTINE TRANSDERMAL SYSTEM
791,LORTUSS
792,DIPYRIDAMOLE
793,Pro-Den Rx
794,Gildess 1/20
795,mally Face Defender Foundation
796,Voriconazole
797,Dandruff
798,Carboplatin
799,calcitriol
800,Paser
801,Hush Anesthetic
802,Extra Strength Medicated Body
803,Ceftriaxone Sodium
804,KETOCONAZOLE
805,Antiseptic
806,Bacitracin
807,Sesame Seed
808,INSTA-CHAR AQUEOUS CHERRY
809,AHC Collagen Serum
810,RHEUMATISM
811,Topical 60 Sec Sodium Fluoride
812,dayhist allergy
813,Hang Over RELIEF
814,Homeopathic Hangover Formula
815,Garnier Fructis Antidandruff
816,Wheat Smut
817,CLARINS Broad Spectrum SPF 15 Sunscreen Extra-Firming Foundation Tint 110
818,"Pollens - Trees, Maple, Hard Acer saccharum"
819,FORTAMET
820,ECZEMA AND PSORIASIS FREE
821,Alka-Seltzer XTRA STRENGTH
822,Leader Sore throat
823,Acetaminophen
824,Nitrofurantoin Macrocrystals
825,Ondansetron Hydrochloride
826,Atorvastatin Calcium
827,Glynase
828,Tramadol Hydrochloride
829,Clear-Tone Antibacterial Hand
830,Good Sense Night Time
831,Chestnut
832,GERI-LANTA SUPREME CHERRY
833,Finasteride
834,SULFASALAZINE
835,Thyro Tonic
836,Benztropine Mesylate
837,Natures Gate
838,SUCRALFATE
839,Ibuprofen
840,White Pepper
841,Standardized Mite D. pteronyssinus
842,FLONASE
843,Diabenex
844,Meclizine Hydrochloride
845,"Pollens - Trees, Bottlebrush, Callistemon spp."
846,Flu Relief Therapy Night Time
847,NataChew
848,"Pollens - Weeds and Garden Plants, Lambs Quarters Chenopodium album"
849,Daytime Cold and Flu Relief
850,Alprazolam
851,Doxycycline Hyclate
852,FRAICHEUR VERVEINE ANTIPERSPIRANT AND DEODORANT ROLL-ON
853,NU-DERM Tolereen
854,Meloxicam
855,Metformin Hydrochloride
856,Theophylline
857,Fluconazole
858,Hand Sanitizer
859,HGH Complex
861,Hydrocodone Bitartrate and Acetaminophen
862,Hog Epithelium
863,Olay Total Effects Blemish Control
864,CETAFEN EXTRA
866,Sodium Sulfacetamide
867,VITALUMIERE AQUA
868,"Pollens - Trees, Palo Verde Cercidium floridum"
869,Sumatriptan Succinate
870,Albuterol Sulfate
871,Zicam
872,CETIRIZINE HYDROCHLORIDE
873,McKesson Unna Boot with Calamine 4
874,Diclofenac Sodium
875,HUNGARIAN SMOOTH BROME POLLEN
876,nystatin
877,Cimetidine
878,Anti-Aging Vitamin Complex 7-in-1 Broad Spectrum SPF15 Sunscreen
879,RELNATE DHA
880,hydroxyzine pamoate
881,Gehwol Foot and Shoe Deodorant
882,Western Ragweed
883,Extra Strength Pain Reliever
884,Principal Secret
885,Carisoprodol
886,pain relief pm
887,RHODOTORULA RUBRA
888,Birch
889,Glytone Clarifying
890,Bravelle
891,Theraflu
892,"bacitracin zinc, neomycin sulfate and polymyxin b sulfate"
893,LIFT LUMIERE
894,Erythromycin
895,Fleet
896,Ferrum sidereum Pancreas 10/4 Special Order
897,COLAZAL
898,Chagrined
899,Moisture Therapy
900,Glimepiride
901,Skelaxin
902,Desoximetasone
903,Naproxen
904,Hormodendrum
905,Sleep Aid
906,La mer Hand Sanitizer
909,Ranitidine
910,Leader Acid Control
911,Amoxicillin
912,HEMORRHOIDS PROCTALGIA
913,antacid
914,Felodipine
915,Amantadine Hydrochloride
916,ACETAMINOPHEN
917,Nervousness - Anxiety
918,rea lo 40
919,Ceramide Lift and Firm Makeup Broad Spectrum Sunscreen SPF 15 Vanilla Shell
920,Tilia Fe
921,Hydroxyzine Hydrochloride
922,Fungi Nail Toe and Foot Pen
923,CENTER-AL - JUGLANS CALIFORNICA POLLEN
924,DRISDOL
925,JUBLIA
926,Carbamazepine
927,BENZTROPINE MESYLATE
928,ADVANCED HYDRO-LIQUID COMPACT (REFILL)
929,Headache Soothe
930,XIFAXAN
932,ThyroShield
933,Pleo Mucedo
934,Ultimate Rescue
935,"Alka-Seltzer Plus Night Severe Cold, Cough And Flu"
938,Childrens Cold and Cough
939,Triple Antibiotic
940,Azithromycin
941,hydrocodone bitartrate and acetaminophen
942,smart sense ibuprofen pm
944,Luminous Bright Aura CC
945,Anti-Bacterial Hand
946,Dopamine
947,Koate
948,Clarithromycin
949,Allerpoll
950,Headache
951,JUVISYNC
952,Auro Earache Relief
953,Prazosin Hydrochloride
954,Marsh Elder Mixture
955,CPDA-1
956,pravastatin sodium
957,Arm and Hammer Baking Soda
958,Promescent
959,Oxygen-Helium Mixture
960,Olanzapine
961,Candesartan Cilexetil-Hydrochlorothiazide
962,Germ Bullet
963,EQUUS CABALLUS SKIN
964,"Dextroamphetamine Saccharate, Amphetamine Aspartate, Dextroamphetamine Sulfate and Amphetamine Sulfate"
966,ManzanillaSophia
967,Hydrochlorothiazide
969,Lipiodol Ultra-Fluide
971,DoctorRelief
973,Amlodipine Besylate
974,Atenolol
975,"RHEUMATISM, NAUSEA"
977,SMART SENSE
978,Allopurinol
979,VioNexus
980,SUPREP Bowel Prep
981,SHISEIDO ADVANCED HYDRO-LIQUID COMPACT (REFILL)
982,Dove Ultimate Go Fresh
983,CORTEF
984,Walgreens Oil-Free Acne Wash
985,EPICOCCUM NIGRUM
986,Personal Care Petroleum Jelly Skin Protectant
987,Buspirone Hydrochloride
988,Citalopram
989,Prednisone
990,good neighbor pharmacy sinus
991,Sevoflurane
992,Fosinopril sodium
993,Carvedilol
994,METHIMAZOLE
995,On Duty 24 Hours Clear Protection
996,Doxorubicin Hydrochloride
997,SHISEIDO SUNCARE ULTIMATE
998,Thursday Plantation
999,Hydrogen Peroxide
1000,Gluten Sensitivity Formula
1001,gentle lax
1002,Antispetic
1003,INDOMETHACIN ER
1004,The Prestige BB SPF25 PA 2Plus
1006,CINA
1007,Chicken Meat
1008,Piroxicam
1009,Male Stimulant
1010,Risperidone
1011,Citrus Breeze Antibacterial Foaming Hand Wash
1012,Acne Rescue
1013,TYLENOL with Codeine
1014,Safeway
1015,Dicyclomine Hydrochloride
1016,Anusol HC
1017,Yves Saint Laurent
1018,good neighbor pharmacy ibuprofen pm
1019,AV3712501 Mineral Sunscreen SPF 18
1020,Iodine Plus Capsule
1021,Nadolol
1022,Vancomycin Hydrochloride
1023,Aire-Master
1024,equate daytime
1025,care one anti diarrheal
1027,lansoprazole
1028,Sore Throat
1029,dantrolene sodium
1030,Almond Antibacterial Hand Sanitizer
1031,Amiodarone Hydrochloride
1032,Idarubicin Hydrochloride
1033,Sulfamethoxazole and Trimethoprim
1034,Sunmark Acid Reducer
1035,Sunbrellas Mineral Sunblock SPF 30
1036,Quinine Sulfate
1037,GRANIX
1038,RosaRex
1039,Benicar Hct
1040,Epicoccum nigrum
1041,Neutrogena Rapid Clear Stubborn Acne Spot
1042,Banana Boat Ultra Defense Sheer Protect FPS 50 LATAM
1043,Childrens Ibuprofen
1044,ABILIFY
1045,Cefadroxil
1046,Flawless Finish Dual Perfection Makeup SPF 8 Sunbeige
1047,Amiloride Hydrochloride
1048,Dust Mix Antigens
1049,Lisinopril 2.5mg
1050,Sufentanil Citrate
1051,Forest Sap Patch
1052,Hydrocortisone
1053,Passion Flower Antibacterial Foaming Hand Wash
1054,POTASSIUM CHLORIDE
1055,Trileptal
1056,Chlorpromazine Hydrochloride
1057,Hydrocodone Bitartrate And Acetaminophen
1058,Red Kidney Beans
1059,Neut
1060,AllerguEase Food and Chemical
1062,C-Nate DHA
1063,Triamcinolone Acetonide
1064,Pacifica CC broad spectrum SPF 17 LIGHT
1065,"Terrasil Itch, Rash and Pain Relief"
1066,Natrum Phos Kit Refill
1067,Motion Sickness Relief
1068,Maalox
1069,DEMEROL
1070,IVA ANNUA VAR ANNUA POLLEN
1071,Allegheny Antibac
1072,Clindamycin Hydrochloride
1074,Tanzeum
1075,Sodium Chloride
1076,LBel
1077,TENIVAC
1078,Ropinirole
1079,ESIKA
1080,Mucus-Clear
1081,Sterile Water
1082,CAREALL Vitamin A and D
1083,Famotidine
1084,equaline stomach relief
1085,Shortleaf Pine
1086,Salicylic Acid
1087,BioTPres
1088,Rite Aid Original Strength Vagicaine
1089,Calcium Carbonate
1090,Intensive Scal Care Shampoo
1091,MOZI-Q
1092,Nitrous Oxide
1094,SUPRAX
1095,ATORVASTATIN CALCIUM
1096,Good Sense Complete Lice Treatment
1098,Icy Hot Arthritis
1099,Rimmel London
1100,Zosyn
1101,Eight Hour Cream Lip Protectant SPF 15
1102,Ketorolac Tromethamine
1103,CLEAR CELL Medicated Acne Scrub
1104,Silafed
1105,Burweed Marsh Elder
1106,Burkhart
1107,Bacitracin Zinc
1108,ampicillin
1109,The Natural Dentist
1110,Pain Relief
1111,Cold Spot
1112,Ativan
1113,MINIPRIN
1114,Wingscale
1115,Ropinirole Hydrochloride
1116,Preferred Plus Hemorrhoid
1117,Mulberry
1118,ZINACEF
1120,Terazosin
1121,Namenda
1122,ACETALDEHYDE
1123,Bio-Scriptives Lidum Hemorroidal (Anorectal)
1124,CLARINS Extra-Comfort Broad Spectrum SPF 15 Sunscreen Tint 108
1125,CORYLUS AMERICANA POLLEN
1126,Zolpidem Tartrate
1127,Badger SPF 35 Kids All Season
1128,Total Antimony
1129,Amiodarone hydrochloride
1130,Gelato Topical Anesthetic
1131,SORGHUM HALEPENSE POLLEN
1132,Calcitriol
1134,GIVEN BY NATURE BAMBOO MASK SHEET
1135,PERFECTION LUMIERE
1136,Moisture Renew
1137,Warfarin Sodium
1139,Venlafaxine Hydrochloride
1140,Toppik Mens Hair Regrowth Treatment
1141,Benazepril Hydrochloride
1142,Groundsel
1143,FLOVENT
1145,Enteric Coated Low Dose Aspirin
1146,Furosemide
1147,aspirin
1149,Breo Ellipta
1150,Magnesium Hydroxide
1151,Leader Lubricating plus
1152,cephalexin
1153,CVS
1154,Fanapt
1155,In Control Nicotine
1156,dg health all day pain relief
1157,PAIN RELIEF THERAPY PATCH
1158,Odyssey
1160,DG Health Mucus Relief
1161,REFRESH PLUS
1162,acetaminophen pm
1163,equaline childrens pain and fever
1164,KROGER
1166,Blackberry
1167,ACETAMINOPHEN AND CODEINE PHOSPHATE
1168,Lorazepam
1169,Zyclara
1170,Antibacterial Hand
1171,QUERCUS AGRIFOLIA POLLEN
1172,Xpect Buffered Eyewash Sterile Isotonic
1173,Advanced Whitening Anticavity Fluoride
1174,Baby Diaper Rash
1176,"Pollens - Trees, Cedar, Red Juniperus virginiana"
1177,Glumetza
1178,Super Restorative Tinted SPF 20 Tint 1
1179,Aspirin
1180,AGE DEFYING HYDRATING SUNSCREEN
1181,VITAL
1182,Chip Cravings
1183,SENSI CARE CLEAR ZINC
1184,DILTIAZEM HYDROCHLORIDE
1185,Bio-S-Pres
1186,CRIXIVAN
1187,Brazil Nut
1188,Sodium Polystyrene Sulfonate
1189,Losartan potassium and Hydrochlorothiazide
1190,Levofloxacin
1191,Misoprostol
1192,Benazepril hydrochloride
1193,Codeine Sulfate
1194,LABETALOL HYDROCHLORIDE
1195,Menopause
1196,Suboxone
1197,quetiapine fumarate
1198,PhysiciansCare Cold and Cough
1199,HYDROXYUREA
1200,Health Mart Sinus and Cold D
1201,Tolterodine Tartrate
1204,Goose Feathers
1205,Skintegrity Foaming Hand Sanitizer
1206,Metoprolol Tartrate
1207,Home 360 Ultra Dish Detergent Green Apple Scent
1208,Family Wellness Antifungal
1209,ALL YOU NEED
1210,LIGHT THE WAY
1212,oxycodone hydrochloride
1213,Moisturizing Lip BalmSPF30
1214,CENTER-AL - ULMUS PUMILA POLLEN
1215,Depo-Medrol
1216,Cymbalta
1217,Lupron Depot-PED
1218,Methscopolamine Bromide
1219,Oxytocin
1221,leader acid reducer complete
1222,RISPERIDONE
1223,Acyclovir
1225,Esika Men Dandruff
1226,Silky Finish
1227,Doxepin Hydrochloride
1230,GUNA-IL 5
1232,Rugby
1233,Arnica Aurum 20/30
1234,Metoclopramide
1235,LEVETIRACETAM
1236,XtraCare Foam Antibacterial Hand Wash
1237,Ramipril
1238,Pumpkin Seeds Antibacterial Foaming Hand Wash
1239,Sei Bella Skin Refining Tinted Moisturizer
1241,Abstral
1242,Perindopril Erbumine
1243,Premarin
1244,Herring
1246,ARNICA MONTANA (Whole Plant)
1248,Gablofen
1249,Humco Castor Oil
1250,Mirtazapine
1251,equate Nicotine
1252,WHITE CAVIAR ILLUMINATING HAND SUNSCREEN BROAD SPECTRUM SPF 15
1253,Megestrol Acetate
1254,Topex
1255,Chlordiazepoxide Hydrochloride
1256,Phenobarbital
1257,Candesartan Cilexetil and Hydrochlorothiazide
1258,Adult Tussin DM Max
1259,Ziprasidone Hydrochloride
1261,Jock Itch
1262,Antiseptic Hand Gel
1263,Garlic
1265,allergy relief
1266,ciclopirox olamine
1267,Cephalexin
1268,GABAPENTIN
1269,"Sweet Vernal Grass, Standardized"
1270,BUFFERIN
1271,The New Parent First Aid
1272,FLAWLESS FINISH PERFECTLY NUDE MAKEUP BROAD SPECTRUM SUNSCREEN SPF 15 SHADE WARM MAHOGANY
1273,Se-Tan PLUS
1274,Doxazosin
1275,Loratadine and Pseudoephedrine
1277,Femara
1278,FRESH DECOR
1279,Good Neighbor Pharmacy Sinus and Allergy PE
1280,Escitalopram
1282,Blistex
1283,Torsemide
1284,Gabapentin
1285,OPANA
1286,Handy Solutions Antiseptic Towelette
1287,Treatment Set TS335061
1288,METHYLPREDNISOLONE
1289,Fentanyl
1290,VECURONIUM BROMIDE
1291,English Walnut
1292,ULTRAM
1293,Lisinopril
1294,Spotless Cleanser
1295,SODIUM HYDROXIDE
1297,good neighbor pharmacy childrens mucus relief
1298,PRADAXA
1299,Smooth (Tag) Alder
1300,RENOKIN HAIR REVITALIZING
1301,Metoprolol Succinate
1302,Ceramide Lift And Firm Makeup Broad Spectrum Sunscreen SPF 15 Buff
1303,meijer
1304,Glipizide
1305,Simvastatin
1306,Prevail
1307,Diphenhist
1308,Lovenox
1309,PYRETHRUM CINERARIIFOLIUM
1311,Haloperidol
1312,healthy accents ibuprofen
1314,Neutrogena Ultra Sheer Body Mist
1315,Neutrogena Mineral Sheers
1317,Epstein Barr Virus Remedy
1318,BETHANECHOL CHLORIDE
1319,Phentermine Hydrochloride
1320,GRANISETRON HYDROCHLORIDE
1322,No7 Stay Perfect Foundation Sunscreen SPF 15 New Ivory
1323,Treatment Set TS334128
1324,Cleocin Hydrochloride
1325,Plasbumin
1326,Diazepam
1327,"Pollens - Trees, Boxelder/Maple Mix"
1328,ESIKA HYDRACOLOR 2 IN 1 HIGHLY MOISTURIZING AND COLORING SPF 25
1329,CY BETTER LIPS BALM Humectante para Labios con color FPS 18
1330,NITROGEN
1331,UTA
1332,Ultra Seal Bacitracin
1333,Cold - Sinus
1335,Hyoscyamine Sulfate
1336,Fresh Umbrian Clay Freshface Foundation SPF 20 Sun Empress
1337,Rodan and Fields
1338,Quetiapine fumarate
1339,mally Poreless Perfection Glowing Foundation Medium
1340,"Rite Aid Anti-Cavity, Anti-Gingivitis"
1341,Cefprozil
1342,Mandragora Rheum
1343,Softlips
1344,Candida - Yeast
1345,Esoterica
1347,Ice Elements
1348,CLADOSPORIUM CLADOSPORIOIDES
1349,ShopRite Acid Reducer
1350,imiquimod
1351,Nigrospora
1352,Salt Grass
1354,Asepxia
1355,bupropion
1356,Scar Remover
1357,Diltiazem Hydrochloride
1358,DEXTROMETHORPHAN HYDROBROMIDE
1359,Escitalopram Oxalate
1360,Mesalamine
1361,ropinirole hydrochloride
1362,Sertraline Hydrochloride
1363,Scott Triclosan Free Antibacterial Skin Cleanser
1365,Jute
1366,Tussnex FM Cold and Sinus
1367,Tamoxifen Citrate
1369,Salicylic acid
1370,Inon Ace
1371,Dial Tropical Escape Antibacterial Body Wash
1372,Edometriosis
1373,Baclofen
1375,Ecoderm
1378,"Detox and Drainage, Blood and Kidney"
1379,Belucie Luxury Timeless Golden Age Eye
1380,Preferred Plus Severe Nite Time
1381,Verticillium
1382,EARTHS CARE ANTI-ITCH
1383,Treatment Set TS351030
1384,Captopril
1385,CENTER-AL - FAGUS GRANDIFOLIA POLLEN
1386,Dr.Jart CC Essence Balm 01 Light - Medium
1387,Fragmin
1388,ETOPOPHOS
1389,SENEXON-S
1390,Neova DNA Damage Control - Active
1391,Aveeno Active Naturals Positively Ageless Correcting Tinted Moisturizer
1392,Codeine sulfate
1393,Red Mulberry
1395,Fioricet with Codeine
1396,Skin Rashes Eczema
1397,Flumazenil
1399,Prandin
1400,Phendimetrazine Tartrate
1401,Free Radical
1402,VANILLA CREAM AND APPLE BLOSSOM ANTIBACTERIAL HAND SANITIZER
1403,UV Capture Water Zero Sunspray
1404,Staphysagria Kit Refill
1405,BioTox Lyme
1406,Flecainide Acetate
1407,Promethazine Hydrochloride
1408,Healthy Accents ibuprofen
1409,RAY DOL
1411,Lynx Antibacterial
1412,Oleptro
1413,clotrimazole
1414,Temozolomide
1415,AMBROSIA TRIFIDA POLLEN
1417,Bacteria Plus
1418,montelukast sodium
1419,Secret Outlast and Olay Smooth
1420,Neo
1421,Pramipexole Dihydrochloride
1422,allergy relief d
1423,ASSURED NASAL RELIEF ORIGINAL
1424,Degree
1425,Bupivacaine Hydrochloride
1426,cough and chest congestion
1427,Labor Exhaustion
1428,Sodium Fluoride F 18
1429,Oxygen Helium Mixture 30/70
1430,Miracet
1431,Extra Strength Pain Relief
1432,cold and allergy relief
1433,Paprika
1435,ibuprofen
1437,Care One migraine relief
1438,povidine iodine
1439,Atropine Sulfate
1440,Acnotex acne Treatment
1441,Nettle
1442,Servo-Stat TE
1443,Lisinopril and Hydrochlorothiazide
1445,BABOR BODY LINE THERMAL Firming Body
1446,Fruit Medley Antibacterial Foaming Hand Wash
1447,MINERALIZE
1448,Norgestimate and Ethinyl Estradiol
1449,HEB
1450,Oxygen
1451,ANTIBACTERIAL FOAMING
1452,Propofol
1453,Laura Lynn Anticavity Whitening plus Mouthwash
1454,APRIL Bath and Shower Warm Vanilla Sugar Scented Antibacterial HAND SANITIZER
1455,Lexapro
1456,Nifedical
1457,Cauliflower
1458,PODOFILOX
1459,HGH Vitality
1460,ZALEPLON
1461,simply right diphenhydramine hydrochloride
1462,CVS Redness Relief Maximum
1464,EMEND
1465,triamcinolone acetonide
1466,Sarna
1467,Sotalol Hydrochloride
1468,Kinesys
1469,rx act ibuprofen pm
1471,Multi Vitamin and Mineral
1473,Lisinopril and hydrochlorothiazide
1474,Femmesil Creme
1475,Male Complex
1476,Hydrating Lip Balm SPF 15 sunscreen
1478,JIANZE ALCOHOL PREP PAD LARGE
1479,good sense all day pain relief
1481,Cheongin Haejanghwan
1482,FOAMING HAND SANITIZER
1483,Betamethasone Valerate
1484,Rite Aid Cold Sore Treatment
1485,Basil and Plum Antibacterial Foaming Hand Wash
1486,Cough Perspiration
1487,PureLife APF
1489,Mentholatum Ironman
1490,Renagel
1491,Emtriva
1493,Exuviance CoverBlend Skin Caring Foundation
1494,Feelin Fresh Original
1495,Isoniazid
1496,"Food - Plant Source, Carrot Daucus carota"
1497,SELZENTRY
1498,Renes Carbo Special Order
1499,Ritalin
1501,UP and UP
1502,Bupropion Hydrochloride
1503,SEROQUEL
1504,pain relief
1505,Diabetigen
1507,PYtest
1508,COLGATE KIDS
1509,Dobutamine Hydrochloride
1510,MOIST MOISTURE EMULSION
1512,Holiday EleganceFrosted Gingerbre
1513,Amlodipine Besylate and Benazepril Hydrochloride
1514,Cultivated Rye
1515,Quality Petroleum Aloe Vera
1516,Estradiol
1517,PreferaOB One
1518,Povidone-Iodine
1519,ASPERGILLUS TERREUS
1520,Smooth Brome
1521,Giant Wild Rye
1522,Indomethacin
1523,"Food - Plant Source, Brazil Nut Bertholletia excelsa"
1524,Sodium Phosphates
1525,Aspir Low
1526,Topiramate
1527,Extra Strength Pain Reliever PM
1528,Daisy Blossom Antibacterial Hand Sanitizer
1529,Ondansetron
1530,Oxybutynin Chloride
1531,OXYGEN
1532,AQUAFRESH
1534,TEMAZEPAM
1536,Sore Throat headache
1537,Medium Expert Finish Makeup Makeup Broad Spectrum SPF 25
1538,Pantoprazole Sodium
1539,Verapamil Hydrochloride
1540,"Molds, Rusts and Smuts, Mucor racemosus"
1541,Black Walnut
1542,AlbuRx
1545,Buxom Show Some Skin Weightless Foundation Broad Spectrum SPF 30
1547,Lactulose
1548,DebMed Antimicrobial
1549,Glycopyrrolate
1550,Oxygen-Nitrogen Mixture
1551,Eastern Cottonwood
1552,Ipratropium Bromide and Albuterol Sulfate
1554,Eye Wash
1555,medroxyprogesterone acetate
1556,Sunmark antacid
1557,Spearmint
1558,BEEVENOM ESSENCE
1559,Clotrimazole
1560,Fluticasone Propionate
1561,Magnevist
1562,DentiCare Denti-Pro
1563,Pentazocine and naloxone
1564,Proctofoam
1565,Anzemet
1566,Treatment Set TS350394
1568,GAS RELIEF
1571,Cotton Candy
1572,Tivorbex
1573,Medrol
1574,Aveeno Active Naturals Positively Radiant Daily Moisturizer
1576,Kadian
1577,Quinidine Gluconate
1578,Cyclosporine
1579,Harmon Face Values Medicated
1580,good neighbor pharmacy anti diarrheal
1581,BareMinerals
1582,Lice Treatment
1585,Aphedrid Cold and Allergy
1586,Strattera
1587,Miconazole Nitrate
1588,Hives
1590,Depo-Testosterone
1592,Clorox CareConcepts Bed Bath and Hygiene
1593,Couch Quack Grass
1594,Nitrofurantoin (macrocrystals)
1595,Junior Aspirin Free Rapid Tabs
1596,Gas-X
1597,BIOSOLIS Sun Milk UVA Sunscreen Face and Body Broad Spectrum SPF50 KIDS
1598,MINERAL CONCEALER
1599,Lymphdrainex
1601,TURKEY FOOD
1602,DG BODY
1603,Adult Tussin Cough Gels
1604,METOPROLOL SUCCINATE
1605,Vitamin A D
1606,good sense antacid
1608,Mixture of Standardized and Non-Standardized Southern Grasses
1609,METOPROLOL TARTRATE
1610,LACHESIS MUTUS
1611,Childrens Pain and Fever Acetaminophen
1612,diltiazem hydrochloride
1613,AZITHROMYCIN
1615,sodium sulfacetamide 10 and sulfur 5
1616,Citrus Basil Antibacterial Hand Wash
1617,By Pharmicell Lab Luxury Cell Performance Serum
1618,LivTac
1619,Low Dose Chewable Aspirin
1620,SAFEWAY
1621,BUNAVAIL
1622,NITRO-DUR
1624,Moore Medical Cherry Cough Suppressant/Anesthetic Drops
1625,Lidocaine Hydrochloride
1626,Herbion Naturals Honey Lemon
1628,soCALM Pain Relieving
1631,GermFree24 Health-care Personnel Handwash
1634,Conjunctiva Argentum Special Order
1635,Torisel
1636,Sofskin Baby
1637,CALC FLUOR
1639,Olanzapine and Fluoxetine
1640,Allergy Relief
1641,TrophAmine
1643,Bio Vervain
1644,Short/Giant Ragweed Mixture
1645,Antioxidant Daily Protectant SPF 30
1646,SYNTHROID
1647,Ipratropium Bromide
1648,Glytone acne cleansing toner
1649,Rompe Pecho
1650,PREMIUM HAND SANITIZER
1651,CHEM HP
1652,Zenzedi
1654,LISINOPRIL
1655,Fig
1656,Povidone Iodine Impregnated
1657,Fluoxetine
1658,tussin dm
1659,Sibling Jealousy
1660,Real Deal Foundation
1661,RODAN FIELDS SOOTHE 4 Mineral Sunscreen BROAD SPECTRUM SPF 30
1662,PROGESTERONE
1663,Poppyseed
1665,Body Series Invisible Solid Deodorant and Antiperspirant
1667,ConRx
1668,GLIPIZIDE
1671,Fosinopril Sodium and Hydrochlorothiazide
1673,Clindamycin Phosphate
1674,ROSACEA
1676,Up and Up Anticavity Toothpaste Whitening
1677,Thyrogen
1678,CARMEX original lip balm EXTERNAL ANALGESIC
1679,Folic Acid
1680,EpiCare Antimicrobial Lotion Soap
1682,SIRTURO
1683,Tigan
1685,RISPERDAL
1687,Alcohol Prep Pad
1688,Burnaid Burn Gel
1689,Ritussin Expectorant
1690,Promolaxin
1692,Etodolac
1693,Ketoprofen
1694,potassium chloride
1695,ibuprofen pm
1697,GEODON
1699,SUN Solar Defense Oil-free SPF 30
1700,TOTAL FEM-BAL
1701,Endopar
1702,LAMICTAL
1703,Mugwort Sage Pollen
1704,CLE DE PEAU BEAUTE GENTLE PROTECTIVE I
1705,Illusion Tinted Moisturizer Broad Spectrum Beige
1706,Pleo Form
1707,Minocycline hydrochloride
1708,Help I have allergies
1710,Fentanyl Citrate
1711,leader childrens pain and fever
1712,ELAPRASE
1713,HYDROMORPHONE HYDROCHLORIDE
1714,Junel 1.5/30
1716,Lombardy Poplar
1717,Kimvent Q2 oral care kit
1718,Lil Drug Store Nighttime Sleep-Aid
1719,Timoptic
1720,CONSTIPATION
1721,Wash-Up Towelette
1722,Gold Bond Ultimate Eczema Relief
1723,Common Sagebrush
1724,Health Mart z-sleep
1725,MBM 5 Large Intestine
1726,Oxaliplatin
1727,Hemorrhoid Complex
1728,flormar CC Magical Color Effect Color Correcting Cream Sunscreen Broad Spectrum SPF 15 CC02
1729,Nitroglycerin
1730,Pravastatin Sodium
1731,TRICITRATES
1734,cetirizine hydrochloride
1735,Beyond BB Perfecting Foundation Broad Spectrum SPF 15 Sunscreen
1737,Colgate Sensitive Pro Relief Whitening
1739,STAVZOR
1741,"Molds, Rusts and Smuts, Fusarium vasinfectum"
1742,Imipramine Hydrochloride
1744,Hexalen
1745,CALCAREA CARBONICA
1746,Nighttime Sleep Aid
1747,Credit Card Shape Hand Sanitizer
1749,Petrochemical Detox
1752,Caverject Impulse
1753,Pepper Tree Pollen
1754,ARIZONA CYPRESS POLLEN
